{
  "cv_static": {
    "accuracies": [
      0.65,
      0.78,
      0.6888888888888889,
      0.74,
      0.64
    ],
    "mean": 0.6997777777777778,
    "std": 0.0533351851530361
  },
  "cv_dynamic": {
    "accuracies": [
      0.7,
      0.68,
      0.6666666666666666,
      0.7,
      0.7
    ],
    "mean": 0.6893333333333332,
    "std": 0.013727506854649319
  },
  "test_static": {
    "loss": 2.214107036590576,
    "accuracy": 0.7,
    "precision": 0.7043010752688172,
    "recall": 0.701797385620915,
    "f1": 0.699447965651196,
    "auc": 0.7303921568627452
  },
  "test_dynamic": {
    "loss": 1.8387613693873088,
    "accuracy": 0.6857142857142857,
    "precision": 0.6964285714285714,
    "recall": 0.6887254901960784,
    "f1": 0.6833881578947368,
    "auc": 0.7687908496732025
  },
  "statistical_test": {
    "t_statistic": -0.3515990828321496,
    "p_value": 0.7428788252764357
  }
}